{
  "input": "./captures/20260309_010802/waveform_raw.npy",
  "samples": 10000,
  "sample_rate_Hz": 20000,
  "duration_s": 0.5,
  "frequency_window_Hz": [20, 1000],
  "k_scan": [0.5, 80, 4000],
  "best_logcos": {
    "k": 44.5341335333833,
    "delta_chi2": 21.1390829089852,
    "chi2_null": 491,
    "chi2_logcos": 469.860917091015,
    "C": -0.00413043272454738,
    "a": 0.192004774012722,
    "b": -0.220904387108581,
    "A": 0.292685123447527,
    "phi": 0.855274456980335,
    "active_delta_ell": 3.91202300542815,
    "active_winding_n": 27.7277441921585,
    "p_shuffle_scanmax": 0.00497512437810945,
    "null_n": 200
  },
  "null_summary": {
    "mean": 9.39440904598627,
    "sd": 2.33386158648065,
    "median": 9.12966912127774,
    "p95": 13.6741477938046,
    "p99": 15.0486066099298,
    "max": 16.8419417197483,
    "exceedances": 0
  }
}
