harmonic,frequency,ratio,amplitude
1,119.9760047990402,1.0,356.6859153999601
2,239.9520095980804,2.0,256.8417275163667
