{
  "n_captures": 2,
  "elapsed_range_s": [
    0,
    0
  ],
  "delta_chi2_first": 140.57299104514317,
  "delta_chi2_last": 21.13908290898513,
  "exact_pairs_first": 0,
  "exact_pairs_last": 2
}