"quantity","point","boot_ci_low","boot_ci_high","method","n_boot"
"best_k",44.5341335333833,1.92665110073382,76.2888509006004,"block bootstrap (L=8)",200
"log_period_2pi_over_k",0.141086955300694,0.0823604659528321,3.26119519241779,"block bootstrap (L=8)",200
"active_winding",27.7277441921585,1.19956726740047,47.4987964209499,"block bootstrap (L=8)",200
"A",0.292685123447527,0.188312592094123,0.388433794424124,"block bootstrap (L=8)",200
"delta_chi2",21.1390829089852,8.65464480458393,33.9573020852174,"block bootstrap (L=8)",200
