"quantity","value"
"best_k",44.5341335333833
"delta_chi2",21.1390829089852
"chi2_null",491
"chi2_logcos",469.860917091015
"A",0.292685123447527
"phi",0.855274456980335
"active_delta_ell",3.91202300542815
"active_winding",27.7277441921585
"p_shuffle_scanmax",0.00497512437810945
