"test","raw_p","holm_p","bh_fdr_p","bonferroni_p","specification_max_delta_chi2","familywise_maxstat_p"
"shuffle",0.00497512437810945,0.0199004975124378,0.0199004975124378,0.0199004975124378,21.2084136958493,0.258706467661692
"block",0.36318407960199,0.517412935323383,0.36318407960199,1,21.2084136958493,0.258706467661692
"colored",0.119402985074627,0.358208955223881,0.238805970149254,0.477611940298507,21.2084136958493,0.258706467661692
"mains",0.258706467661692,0.517412935323383,0.344941956882255,1,21.2084136958493,0.258706467661692
