"window","coherent_gain","enbw_bins","enbw_Hz","freq_resolution_Hz","amplitude_correction","peak_frequency_Hz","peak_amplitude","local_noise_floor","snr","resolution_limited"
"hann",0.49995,1.5001500150015,3.000300030003,2,2.000200020002,120,0.0764093064865274,0.000862907030904065,88.5487123757395,TRUE
"hamming",0.539954,1.36292389291856,2.72584778583713,2,1.85200961563392,120,0.0763519930677637,0.000828526576748101,92.1539455830602,TRUE
"blackmanharris",0.358714131,2.00455332650123,4.00910665300247,2,2.78773517288618,120,0.0766817384776251,0.0010161646232249,75.46192489389,TRUE
"flattop",0.2155573499999,3.77062498321777,7.54124996643554,2,4.63913663811725,120,0.0770738295601794,0.00151985930159329,50.7111608813934,TRUE
"rectangular",1,1,2,2,1,120,0.0760251086046053,0.000668978262588345,113.643615728942,TRUE
